<?xml version="1.0" encoding="UTF-8"?>
<root>
  <item name="com.afollestad.appthemeengine.Config com.afollestad.appthemeengine.Config lightStatusBarMode(int) 0">
    <annotation name="android.support.annotation.IntDef">
      <val name="value" val="{com.afollestad.appthemeengine.Config.LIGHT_STATUS_BAR_OFF, com.afollestad.appthemeengine.Config.LIGHT_STATUS_BAR_ON, com.afollestad.appthemeengine.Config.LIGHT_STATUS_BAR_AUTO}" />
    </annotation>
  </item>
  <item name="com.afollestad.appthemeengine.Config com.afollestad.appthemeengine.Config lightToolbarMode(int) 0">
    <annotation name="android.support.annotation.IntDef">
      <val name="value" val="{com.afollestad.appthemeengine.Config.LIGHT_TOOLBAR_OFF, com.afollestad.appthemeengine.Config.LIGHT_TOOLBAR_ON, com.afollestad.appthemeengine.Config.LIGHT_TOOLBAR_AUTO}" />
    </annotation>
  </item>
  <item name="com.afollestad.appthemeengine.Config com.afollestad.appthemeengine.Config textSizePxForMode(int, java.lang.String) 1">
    <annotation name="android.support.annotation.StringDef">
      <val name="value" val="{com.afollestad.appthemeengine.Config.TEXTSIZE_DISPLAY4, com.afollestad.appthemeengine.Config.TEXTSIZE_DISPLAY3, com.afollestad.appthemeengine.Config.TEXTSIZE_DISPLAY2, com.afollestad.appthemeengine.Config.TEXTSIZE_DISPLAY1, com.afollestad.appthemeengine.Config.TEXTSIZE_HEADLINE, com.afollestad.appthemeengine.Config.TEXTSIZE_TITLE, com.afollestad.appthemeengine.Config.TEXTSIZE_SUBHEADING, com.afollestad.appthemeengine.Config.TEXTSIZE_BODY, com.afollestad.appthemeengine.Config.TEXTSIZE_CAPTION}" />
    </annotation>
  </item>
  <item name="com.afollestad.appthemeengine.Config com.afollestad.appthemeengine.Config textSizeResForMode(int, java.lang.String) 1">
    <annotation name="android.support.annotation.StringDef">
      <val name="value" val="{com.afollestad.appthemeengine.Config.TEXTSIZE_DISPLAY4, com.afollestad.appthemeengine.Config.TEXTSIZE_DISPLAY3, com.afollestad.appthemeengine.Config.TEXTSIZE_DISPLAY2, com.afollestad.appthemeengine.Config.TEXTSIZE_DISPLAY1, com.afollestad.appthemeengine.Config.TEXTSIZE_HEADLINE, com.afollestad.appthemeengine.Config.TEXTSIZE_TITLE, com.afollestad.appthemeengine.Config.TEXTSIZE_SUBHEADING, com.afollestad.appthemeengine.Config.TEXTSIZE_BODY, com.afollestad.appthemeengine.Config.TEXTSIZE_CAPTION}" />
    </annotation>
  </item>
  <item name="com.afollestad.appthemeengine.Config com.afollestad.appthemeengine.Config textSizeSpForMode(int, java.lang.String) 1">
    <annotation name="android.support.annotation.StringDef">
      <val name="value" val="{com.afollestad.appthemeengine.Config.TEXTSIZE_DISPLAY4, com.afollestad.appthemeengine.Config.TEXTSIZE_DISPLAY3, com.afollestad.appthemeengine.Config.TEXTSIZE_DISPLAY2, com.afollestad.appthemeengine.Config.TEXTSIZE_DISPLAY1, com.afollestad.appthemeengine.Config.TEXTSIZE_HEADLINE, com.afollestad.appthemeengine.Config.TEXTSIZE_TITLE, com.afollestad.appthemeengine.Config.TEXTSIZE_SUBHEADING, com.afollestad.appthemeengine.Config.TEXTSIZE_BODY, com.afollestad.appthemeengine.Config.TEXTSIZE_CAPTION}" />
    </annotation>
  </item>
  <item name="com.afollestad.appthemeengine.Config int lightStatusBarMode(android.content.Context, java.lang.String)">
    <annotation name="android.support.annotation.IntDef">
      <val name="value" val="{com.afollestad.appthemeengine.Config.LIGHT_STATUS_BAR_OFF, com.afollestad.appthemeengine.Config.LIGHT_STATUS_BAR_ON, com.afollestad.appthemeengine.Config.LIGHT_STATUS_BAR_AUTO}" />
    </annotation>
  </item>
  <item name="com.afollestad.appthemeengine.Config int lightToolbarMode(android.content.Context, java.lang.String, android.support.v7.widget.Toolbar)">
    <annotation name="android.support.annotation.IntDef">
      <val name="value" val="{com.afollestad.appthemeengine.Config.LIGHT_TOOLBAR_OFF, com.afollestad.appthemeengine.Config.LIGHT_TOOLBAR_ON, com.afollestad.appthemeengine.Config.LIGHT_TOOLBAR_AUTO}" />
    </annotation>
  </item>
  <item name="com.afollestad.appthemeengine.Config int textSizeForMode(android.content.Context, java.lang.String, java.lang.String) 2">
    <annotation name="android.support.annotation.StringDef">
      <val name="value" val="{com.afollestad.appthemeengine.Config.TEXTSIZE_DISPLAY4, com.afollestad.appthemeengine.Config.TEXTSIZE_DISPLAY3, com.afollestad.appthemeengine.Config.TEXTSIZE_DISPLAY2, com.afollestad.appthemeengine.Config.TEXTSIZE_DISPLAY1, com.afollestad.appthemeengine.Config.TEXTSIZE_HEADLINE, com.afollestad.appthemeengine.Config.TEXTSIZE_TITLE, com.afollestad.appthemeengine.Config.TEXTSIZE_SUBHEADING, com.afollestad.appthemeengine.Config.TEXTSIZE_BODY, com.afollestad.appthemeengine.Config.TEXTSIZE_CAPTION}" />
    </annotation>
  </item>
  <item name="com.afollestad.appthemeengine.ConfigInterface com.afollestad.appthemeengine.Config lightStatusBarMode(int) 0">
    <annotation name="android.support.annotation.IntDef">
      <val name="value" val="{com.afollestad.appthemeengine.Config.LIGHT_STATUS_BAR_OFF, com.afollestad.appthemeengine.Config.LIGHT_STATUS_BAR_ON, com.afollestad.appthemeengine.Config.LIGHT_STATUS_BAR_AUTO}" />
    </annotation>
  </item>
  <item name="com.afollestad.appthemeengine.ConfigInterface com.afollestad.appthemeengine.Config lightToolbarMode(int) 0">
    <annotation name="android.support.annotation.IntDef">
      <val name="value" val="{com.afollestad.appthemeengine.Config.LIGHT_TOOLBAR_OFF, com.afollestad.appthemeengine.Config.LIGHT_TOOLBAR_ON, com.afollestad.appthemeengine.Config.LIGHT_TOOLBAR_AUTO}" />
    </annotation>
  </item>
  <item name="com.afollestad.appthemeengine.ConfigInterface com.afollestad.appthemeengine.Config textSizePxForMode(int, java.lang.String) 1">
    <annotation name="android.support.annotation.StringDef">
      <val name="value" val="{com.afollestad.appthemeengine.Config.TEXTSIZE_DISPLAY4, com.afollestad.appthemeengine.Config.TEXTSIZE_DISPLAY3, com.afollestad.appthemeengine.Config.TEXTSIZE_DISPLAY2, com.afollestad.appthemeengine.Config.TEXTSIZE_DISPLAY1, com.afollestad.appthemeengine.Config.TEXTSIZE_HEADLINE, com.afollestad.appthemeengine.Config.TEXTSIZE_TITLE, com.afollestad.appthemeengine.Config.TEXTSIZE_SUBHEADING, com.afollestad.appthemeengine.Config.TEXTSIZE_BODY, com.afollestad.appthemeengine.Config.TEXTSIZE_CAPTION}" />
    </annotation>
  </item>
  <item name="com.afollestad.appthemeengine.ConfigInterface com.afollestad.appthemeengine.Config textSizeResForMode(int, java.lang.String) 1">
    <annotation name="android.support.annotation.StringDef">
      <val name="value" val="{com.afollestad.appthemeengine.Config.TEXTSIZE_DISPLAY4, com.afollestad.appthemeengine.Config.TEXTSIZE_DISPLAY3, com.afollestad.appthemeengine.Config.TEXTSIZE_DISPLAY2, com.afollestad.appthemeengine.Config.TEXTSIZE_DISPLAY1, com.afollestad.appthemeengine.Config.TEXTSIZE_HEADLINE, com.afollestad.appthemeengine.Config.TEXTSIZE_TITLE, com.afollestad.appthemeengine.Config.TEXTSIZE_SUBHEADING, com.afollestad.appthemeengine.Config.TEXTSIZE_BODY, com.afollestad.appthemeengine.Config.TEXTSIZE_CAPTION}" />
    </annotation>
  </item>
  <item name="com.afollestad.appthemeengine.ConfigInterface com.afollestad.appthemeengine.Config textSizeSpForMode(int, java.lang.String) 1">
    <annotation name="android.support.annotation.StringDef">
      <val name="value" val="{com.afollestad.appthemeengine.Config.TEXTSIZE_DISPLAY4, com.afollestad.appthemeengine.Config.TEXTSIZE_DISPLAY3, com.afollestad.appthemeengine.Config.TEXTSIZE_DISPLAY2, com.afollestad.appthemeengine.Config.TEXTSIZE_DISPLAY1, com.afollestad.appthemeengine.Config.TEXTSIZE_HEADLINE, com.afollestad.appthemeengine.Config.TEXTSIZE_TITLE, com.afollestad.appthemeengine.Config.TEXTSIZE_SUBHEADING, com.afollestad.appthemeengine.Config.TEXTSIZE_BODY, com.afollestad.appthemeengine.Config.TEXTSIZE_CAPTION}" />
    </annotation>
  </item>
</root>

