<?xml version="1.0" encoding="UTF-8"?>
<root>
  <item name="com.afollestad.appthemeengine.customizers.ATEStatusBarCustomizer int getLightStatusBarMode()">
    <annotation name="android.support.annotation.IntDef">
      <val name="value" val="{com.afollestad.appthemeengine.Config.LIGHT_STATUS_BAR_OFF, com.afollestad.appthemeengine.Config.LIGHT_STATUS_BAR_ON, com.afollestad.appthemeengine.Config.LIGHT_STATUS_BAR_AUTO}" />
    </annotation>
  </item>
  <item name="com.afollestad.appthemeengine.customizers.ATEToolbarCustomizer int getLightToolbarMode(android.support.v7.widget.Toolbar)">
    <annotation name="android.support.annotation.IntDef">
      <val name="value" val="{com.afollestad.appthemeengine.Config.LIGHT_TOOLBAR_OFF, com.afollestad.appthemeengine.Config.LIGHT_TOOLBAR_ON, com.afollestad.appthemeengine.Config.LIGHT_TOOLBAR_AUTO}" />
    </annotation>
  </item>
</root>

